transaction_id,card_id,timestamp,amount,merchant_category,country,card_present,is_fraud
txn_0000000,card_00606,2026-02-16T00:39:37Z,273.69,restaurant,DE,True,False
txn_0000001,card_00671,2026-02-11T16:39:49Z,197.76,utilities,GB,False,False
txn_0000002,card_00303,2026-02-14T22:14:04Z,20.38,grocery,GB,False,False
txn_0000003,card_00578,2026-03-01T13:52:11Z,169.94,online_retail,AE,True,False
txn_0000004,card_00893,2026-02-27T08:43:19Z,369.62,atm_withdrawal,SG,False,False
txn_0000005,card_00367,2026-02-14T03:33:33Z,30.62,pharmacy,AE,False,False
txn_0000006,card_00175,2026-02-11T05:10:16Z,43.32,utilities,DE,True,False
txn_0000007,card_00239,2026-03-02T14:24:44Z,186.27,pharmacy,IN,False,False
txn_0000008,card_00386,2026-02-03T10:53:50Z,609.86,online_retail,SG,True,False
txn_0000009,card_00674,2026-02-05T20:46:51Z,30.26,travel,US,True,False
txn_0000010,card_00685,2026-02-16T15:00:53Z,218.69,online_retail,US,False,False
txn_0000012,card_00172,2026-02-02T08:08:03Z,167.34,grocery,SG,False,False
txn_0000013,card_00864,2026-02-07T13:17:54Z,7.11,online_retail,SG,True,False
txn_0000014,card_00281,2026-02-13T11:56:13Z,90.48,pharmacy,GB,True,False
txn_0000015,card_00179,2026-02-08T03:01:24Z,98.9,entertainment,US,False,False
txn_0000016,card_00579,2026-02-04T01:58:29Z,73.36,online_retail,AE,True,False
txn_0000017,card_00219,2026-02-01T19:43:16Z,28.49,travel,SG,True,False
txn_0000018,card_00367,2026-02-06T02:14:50Z,59.82,online_retail,AE,False,False
txn_0000019,card_00444,2026-02-15T06:52:17Z,193.94,online_retail,GB,False,False
txn_0000020,card_00269,2026-02-02T09:54:08Z,178.63,pharmacy,GB,True,False
txn_0000021,card_00248,2026-02-28T10:50:08Z,33.85,entertainment,IN,False,False
txn_0000022,card_00612,2026-02-18T20:07:23Z,3.77,utilities,DE,False,False
txn_0000023,card_00891,2026-02-23T22:38:06Z,54.87,grocery,US,False,False
txn_0000024,card_00380,2026-02-20T22:01:59Z,28.86,travel,DE,False,False
txn_0000025,card_00485,2026-02-23T09:58:43Z,8.58,fuel,GB,True,False
txn_0000026,card_00318,2026-02-01T20:29:46Z,139.26,travel,DE,True,False
txn_0000027,card_00678,2026-03-01T20:47:49Z,28.05,restaurant,AE,True,False
txn_0000028,card_00717,2026-02-05T14:03:48Z,75.48,pharmacy,DE,False,False
txn_0000029,card_00079,2026-02-01T21:17:02Z,28.68,online_retail,GB,True,False
txn_0000030,card_00870,2026-02-11T19:45:10Z,197.17,pharmacy,SG,True,False
txn_0000031,card_00585,2026-02-23T18:32:00Z,76.09,restaurant,GB,False,False
txn_0000032,card_00423,2026-02-28T12:32:23Z,46.63,pharmacy,SG,True,False
txn_0000033,card_00196,2026-02-14T22:54:38Z,440.06,entertainment,GB,False,False
txn_0000034,card_00521,2026-02-19T20:58:34Z,137.11,restaurant,IN,False,False
txn_0000035,card_00286,2026-02-04T09:58:17Z,121.0,utilities,AE,False,False
txn_0000036,card_00635,2026-03-02T14:25:05Z,45.34,grocery,AE,False,False
txn_0000037,card_00503,2026-02-28T14:44:14Z,52.15,electronics,IN,True,False
txn_0000038,card_00460,2026-02-01T10:32:54Z,58.58,electronics,GB,False,False
txn_0000039,card_00559,2026-02-21T04:34:02Z,65.5,travel,IN,False,False
txn_0000040,card_00467,2026-02-12T08:48:48Z,103.3,travel,AE,False,False
txn_0000041,card_00151,2026-02-28T17:56:13Z,7.75,atm_withdrawal,SG,False,False
txn_0000042,card_00090,2026-02-24T21:36:03Z,492.01,fuel,US,True,False
txn_0000043,card_00814,2026-02-09T06:58:11Z,60.02,electronics,IN,False,False
txn_0000044,card_00207,2026-02-17T07:19:12Z,7.69,restaurant,AE,True,False
txn_0000045,card_00234,2026-02-02T03:59:25Z,31.3,electronics,IN,False,False
txn_0000046,card_00812,2026-02-20T06:24:13Z,50.13,atm_withdrawal,IN,False,False
txn_0000047,card_00880,2026-02-13T05:09:12Z,37.09,grocery,GB,False,False
txn_0000048,card_00720,2026-02-05T16:04:09Z,64.09,travel,IN,True,False
txn_0000049,card_00518,2026-02-11T10:14:58Z,67.18,utilities,SG,False,False
txn_0000050,card_00457,2026-02-06T13:40:25Z,178.98,restaurant,AE,False,False
txn_0000051,card_00492,2026-02-14T01:25:03Z,26.25,travel,DE,False,False
txn_0000052,card_00181,2026-02-04T01:52:21Z,365.71,online_retail,IN,False,False
txn_0000053,card_00776,2026-02-22T08:38:20Z,491.41,entertainment,GB,False,False
txn_0000054,card_00194,2026-02-17T17:40:14Z,87.81,atm_withdrawal,GB,False,False
txn_0000055,card_00817,2026-02-19T16:52:22Z,16.17,grocery,IN,True,False
txn_0000056,card_00383,2026-02-20T20:04:16Z,41.46,electronics,SG,True,False
txn_0000057,card_00294,2026-02-16T06:34:51Z,17.86,restaurant,IN,True,False
txn_0000058,card_00048,2026-02-22T12:01:50Z,13.83,pharmacy,US,False,False
txn_0000059,card_00623,2026-02-10T18:21:58Z,41.78,fuel,AE,True,False
txn_0000060,card_00615,2026-03-02T13:27:43Z,57.99,atm_withdrawal,US,True,False
txn_0000061,card_00428,2026-02-16T18:10:22Z,22.84,fuel,GB,True,False
txn_0000062,card_00729,2026-03-01T10:07:20Z,57.93,utilities,DE,True,False
txn_0000063,card_00411,2026-02-26T03:15:24Z,95.77,online_retail,US,True,False
txn_0000064,card_00090,2026-02-22T19:42:21Z,14.91,grocery,IN,True,False
txn_0000065,card_00029,2026-02-26T22:43:46Z,59.04,pharmacy,SG,False,False
txn_0000066,card_00453,2026-02-16T08:27:30Z,31.41,atm_withdrawal,IN,True,False
txn_0000067,card_00186,2026-02-22T06:34:04Z,122.17,pharmacy,IN,False,False
txn_0000068,card_00636,2026-02-27T21:16:33Z,104.26,fuel,GB,False,False
txn_0000069,card_00261,2026-02-14T01:20:39Z,176.55,electronics,IN,True,False
txn_0000070,card_00178,2026-02-08T21:19:32Z,101.65,online_retail,AE,False,False
txn_0000071,card_00136,2026-02-04T02:42:59Z,204.68,entertainment,AE,True,False
txn_0000072,card_00760,2026-03-02T14:35:53Z,128.26,travel,AE,False,False
txn_0000073,card_00388,2026-02-18T07:44:31Z,39.39,fuel,AE,True,False
txn_0000074,card_00691,2026-02-28T01:43:33Z,220.89,electronics,SG,True,False
txn_0000075,card_00266,2026-02-17T04:21:56Z,495.9,restaurant,AE,True,False
txn_0000076,card_00122,2026-02-08T00:08:50Z,227.54,pharmacy,AE,True,False
txn_0000077,card_00172,2026-02-02T17:43:24Z,41.16,pharmacy,US,True,False
txn_0000078,card_00743,2026-02-04T05:38:17Z,26.26,atm_withdrawal,US,False,False
txn_0000079,card_00390,2026-02-11T05:53:38Z,51.53,electronics,IN,False,False
txn_0000080,card_00639,2026-02-25T18:18:14Z,68.84,atm_withdrawal,GB,True,False
txn_0000081,card_00101,2026-02-03T17:49:48Z,71.35,restaurant,IN,True,False
txn_0000082,card_00388,2026-02-06T09:52:56Z,36.92,travel,SG,False,False
txn_0000083,card_00449,2026-02-18T02:35:05Z,151.36,restaurant,IN,True,False
txn_0000084,card_00833,2026-02-11T04:31:39Z,207.92,grocery,US,True,False
txn_0000085,card_00181,2026-02-28T22:04:05Z,82.92,fuel,US,False,False
txn_0000086,card_00368,2026-02-02T21:07:48Z,17.1,restaurant,SG,True,False
txn_0000087,card_00453,2026-02-12T16:20:07Z,124.77,entertainment,US,True,False
txn_0000088,card_00384,2026-02-20T21:56:21Z,238.38,online_retail,DE,True,False
txn_0000089,card_00641,2026-02-04T19:36:50Z,97.35,grocery,GB,True,True
txn_0000090,card_00854,2026-02-09T02:23:29Z,360.72,entertainment,US,False,False
txn_0000091,card_00006,2026-02-21T02:29:21Z,241.52,pharmacy,SG,False,False
txn_0000092,card_00887,2026-02-06T19:05:47Z,270.82,pharmacy,IN,True,True
txn_0000093,card_00358,2026-02-07T12:47:04Z,158.17,restaurant,US,True,False
txn_0000094,card_00245,2026-02-21T14:51:51Z,108.48,utilities,US,True,False
txn_0000095,card_00683,2026-02-23T15:14:01Z,21.27,atm_withdrawal,IN,True,False
txn_0000096,card_00177,2026-02-08T12:29:32Z,17.97,electronics,IN,False,False
txn_0000097,card_00053,2026-02-11T06:58:11Z,19.73,electronics,AE,True,False
txn_0000098,card_00354,2026-03-01T01:03:38Z,126.67,pharmacy,IN,True,False
txn_0000099,card_00362,2026-02-12T08:27:04Z,271.08,utilities,AE,True,False
txn_0000100,card_00638,2026-03-01T23:38:29Z,261.64,travel,DE,True,False
txn_0000101,card_00228,2026-02-17T10:40:56Z,22.43,atm_withdrawal,GB,False,False
txn_0000102,card_00225,2026-02-17T19:02:38Z,538.78,electronics,IN,True,False
txn_0000103,card_00546,2026-03-02T08:06:41Z,38.69,entertainment,SG,False,False
txn_0000104,card_00773,2026-02-07T19:53:32Z,10.02,restaurant,IN,True,False
txn_0000105,card_00132,2026-02-14T12:59:18Z,374.68,restaurant,US,False,False
txn_0000106,card_00216,2026-02-06T04:57:57Z,350.36,restaurant,IN,True,True
txn_0000107,card_00450,2026-02-28T10:32:49Z,85.17,grocery,GB,True,False
txn_0000108,card_00194,2026-02-07T07:36:33Z,12.32,electronics,IN,True,False
txn_0000109,card_00683,2026-02-10T17:28:36Z,7.45,fuel,SG,False,False
txn_0000110,card_00007,2026-02-03T13:42:18Z,20.16,fuel,AE,True,False
txn_0000111,card_00602,2026-02-05T15:09:44Z,114.26,entertainment,IN,False,False
txn_0000112,card_00808,2026-02-18T18:38:38Z,119.01,utilities,US,True,False
txn_0000113,card_00391,2026-02-18T12:56:32Z,290.99,online_retail,IN,False,False
txn_0000114,card_00613,2026-02-15T11:17:35Z,68.19,fuel,SG,False,False
txn_0000115,card_00838,2026-02-01T22:15:41Z,162.41,entertainment,GB,False,False
txn_0000116,card_00606,2026-02-11T22:20:52Z,111.18,online_retail,DE,False,False
txn_0000117,card_00638,2026-02-04T18:54:27Z,43.77,electronics,DE,False,False
txn_0000118,card_00216,2026-02-05T17:35:26Z,8.88,restaurant,GB,False,False
txn_0000119,card_00236,2026-02-20T16:22:57Z,80.43,online_retail,AE,True,False
txn_0000120,card_00775,2026-02-12T02:42:46Z,883.02,electronics,US,True,False
txn_0000121,card_00132,2026-03-02T09:48:12Z,11.94,fuel,US,False,False
txn_0000122,card_00638,2026-02-12T14:19:43Z,35.64,electronics,AE,True,False
txn_0000123,card_00043,2026-02-17T05:40:09Z,7.76,atm_withdrawal,SG,True,False
txn_0000124,card_00067,2026-02-07T14:39:22Z,72.88,grocery,US,False,False
txn_0000125,card_00207,2026-02-18T18:32:21Z,15.76,entertainment,DE,False,False
txn_0000126,card_00242,2026-03-01T09:34:15Z,46.22,online_retail,AE,True,False
txn_0000127,card_00463,2026-02-01T19:51:03Z,88.1,entertainment,DE,True,False
txn_0000128,card_00213,2026-02-23T20:07:21Z,65.56,electronics,IN,True,False
txn_0000129,card_00257,2026-02-09T13:38:29Z,117.63,online_retail,AE,True,False
txn_0000130,card_00468,2026-02-13T10:59:55Z,233.37,grocery,DE,False,False
txn_0000131,card_00566,2026-02-06T22:28:27Z,379.33,atm_withdrawal,DE,True,False
txn_0000132,card_00646,2026-03-01T00:17:48Z,26.53,fuel,IN,True,False
txn_0000133,card_00212,2026-02-11T15:28:22Z,49.89,pharmacy,AE,True,False
txn_0000134,card_00067,2026-02-21T05:19:45Z,343.38,fuel,IN,False,False
txn_0000135,card_00787,2026-02-13T19:42:53Z,96.98,travel,DE,False,False
txn_0000136,card_00090,2026-02-07T20:28:59Z,71.7,electronics,SG,False,False
txn_0000137,card_00221,2026-02-13T04:09:34Z,1205.15,travel,IN,True,False
txn_0000138,card_00325,2026-02-14T20:21:59Z,13.28,atm_withdrawal,DE,True,False
txn_0000139,card_00678,2026-02-18T03:39:00Z,93.13,grocery,SG,True,False
txn_0000141,card_00653,2026-02-14T16:26:26Z,75.45,atm_withdrawal,US,True,False
txn_0000142,card_00524,2026-02-07T23:27:08Z,46.97,utilities,GB,True,False
txn_0000143,card_00325,2026-02-28T13:01:38Z,37.33,travel,AE,False,False
txn_0000144,card_00352,2026-02-14T17:47:15Z,83.72,atm_withdrawal,SG,True,False
txn_0000145,card_00754,2026-02-07T01:51:36Z,424.1,pharmacy,US,False,False
txn_0000146,card_00317,2026-02-16T18:16:13Z,289.22,utilities,SG,True,False
txn_0000147,card_00659,2026-02-24T14:07:18Z,257.65,restaurant,DE,True,False
txn_0000148,card_00251,2026-02-15T04:44:11Z,1212.97,grocery,IN,True,False
txn_0000149,card_00039,2026-02-06T14:48:25Z,50.78,travel,US,True,False
txn_0000150,card_00560,2026-02-16T23:32:30Z,234.66,restaurant,US,False,False
txn_0000151,card_00454,2026-02-27T01:08:01Z,174.63,fuel,AE,False,False
txn_0000152,card_00622,2026-02-18T08:09:17Z,171.11,restaurant,DE,False,False
txn_0000153,card_00440,2026-02-04T03:22:22Z,74.3,utilities,AE,False,False
txn_0000154,card_00299,2026-02-20T21:31:08Z,89.88,fuel,SG,False,False
txn_0000155,card_00729,2026-02-15T09:44:44Z,175.05,travel,GB,True,False
txn_0000156,card_00154,2026-02-13T06:04:54Z,27.21,pharmacy,US,False,False
txn_0000157,card_00528,2026-02-17T08:46:39Z,114.98,pharmacy,SG,False,False
txn_0000158,card_00537,2026-02-28T04:10:29Z,33.79,utilities,US,False,False
txn_0000159,card_00257,2026-02-15T09:12:30Z,221.95,fuel,US,True,False
txn_0000160,card_00117,2026-02-09T20:12:46Z,325.71,restaurant,IN,True,True
txn_0000161,card_00479,2026-02-22T11:07:53Z,23.78,travel,DE,True,False
txn_0000162,card_00708,2026-02-22T15:33:59Z,17.2,pharmacy,IN,True,False
txn_0000163,card_00143,2026-02-02T16:40:58Z,38.74,utilities,DE,True,False
txn_0000164,card_00882,2026-02-16T22:06:01Z,291.75,pharmacy,DE,True,False
txn_0000165,card_00687,2026-02-09T03:54:54Z,202.15,electronics,IN,False,False
txn_0000166,card_00618,2026-02-02T17:38:14Z,49.59,entertainment,IN,True,True
txn_0000167,card_00105,2026-02-08T01:40:28Z,21.4,grocery,US,True,False
txn_0000168,card_00837,2026-02-13T05:32:59Z,17.76,utilities,IN,False,False
txn_0000169,card_00348,2026-02-05T01:36:07Z,103.59,online_retail,IN,False,False
txn_0000170,card_00119,2026-02-06T23:37:33Z,27.29,online_retail,DE,True,False
txn_0000171,card_00829,2026-02-13T18:23:52Z,41.17,restaurant,DE,True,False
txn_0000172,card_00719,2026-03-02T07:29:57Z,2.65,pharmacy,AE,False,False
txn_0000173,card_00077,2026-03-01T12:21:30Z,30.6,travel,GB,False,False
txn_0000174,card_00187,2026-02-16T02:27:05Z,80.44,fuel,GB,False,False
txn_0000175,card_00221,2026-02-08T22:54:28Z,32.41,restaurant,SG,False,False
txn_0000176,card_00241,2026-02-06T16:29:26Z,299.57,electronics,SG,True,False
txn_0000177,card_00239,2026-02-26T18:37:38Z,14.07,electronics,SG,False,False
txn_0000178,card_00460,2026-02-27T23:42:20Z,448.83,grocery,AE,True,True
txn_0000179,card_00076,2026-02-05T16:57:45Z,44.42,entertainment,GB,False,False
txn_0000180,card_00142,2026-02-28T18:02:48Z,103.75,utilities,DE,False,False
txn_0000181,card_00631,2026-02-05T22:52:30Z,19.58,fuel,GB,False,False
txn_0000182,card_00067,2026-02-07T02:50:52Z,180.95,electronics,AE,False,False
txn_0000183,card_00829,2026-02-14T21:58:39Z,85.06,utilities,SG,False,False
txn_0000184,card_00480,2026-02-20T05:16:55Z,211.8,online_retail,IN,False,False
txn_0000185,card_00004,2026-02-28T09:40:18Z,23.86,pharmacy,SG,True,False
txn_0000186,card_00452,2026-02-05T14:10:29Z,19.25,online_retail,SG,False,False
txn_0000187,card_00876,2026-02-13T17:16:46Z,49.3,pharmacy,AE,False,False
txn_0000188,card_00508,2026-02-14T20:12:25Z,54.8,utilities,GB,False,False
txn_0000189,card_00594,2026-02-02T20:00:18Z,25.13,restaurant,GB,False,False
txn_0000190,card_00177,2026-02-15T04:39:58Z,52.79,electronics,IN,True,False
txn_0000191,card_00701,2026-02-15T20:51:11Z,107.99,grocery,IN,False,False
txn_0000192,card_00577,2026-02-12T16:45:04Z,108.36,grocery,IN,True,False
txn_0000193,card_00324,2026-02-13T19:37:26Z,169.8,restaurant,DE,True,False
txn_0000194,card_00725,2026-02-21T04:00:12Z,71.01,grocery,IN,False,False
txn_0000195,card_00467,2026-02-12T11:04:43Z,100.37,utilities,AE,False,False
txn_0000196,card_00320,2026-02-12T05:53:22Z,54.85,utilities,GB,True,False
txn_0000197,card_00267,2026-02-12T15:58:08Z,32.91,grocery,SG,True,False
txn_0000198,card_00430,2026-02-22T21:55:28Z,79.5,restaurant,GB,False,False
txn_0000199,card_00780,2026-02-20T13:14:20Z,16.37,atm_withdrawal,SG,False,False
txn_0000200,card_00005,2026-02-15T19:04:03Z,34.37,online_retail,US,False,False
txn_0000201,card_00130,2026-02-03T04:26:46Z,8.88,travel,IN,True,False
txn_0000202,card_00245,2026-02-23T15:40:54Z,44.49,utilities,AE,False,False
txn_0000203,card_00759,2026-02-10T20:56:09Z,154.84,restaurant,GB,True,False
txn_0000204,card_00324,2026-02-25T02:43:26Z,31.17,online_retail,AE,True,False
txn_0000205,card_00411,2026-02-22T23:44:55Z,31.43,electronics,DE,False,False
txn_0000206,card_00053,2026-02-02T22:26:40Z,25.38,travel,IN,True,False
txn_0000207,card_00112,2026-02-09T06:45:12Z,45.04,fuel,SG,False,False
txn_0000208,card_00089,2026-03-02T03:23:46Z,192.27,travel,GB,True,False
txn_0000209,card_00620,2026-02-20T02:21:37Z,120.81,restaurant,US,False,False
txn_0000210,card_00271,2026-02-19T10:53:38Z,28.73,grocery,DE,False,False
txn_0000211,card_00816,2026-02-26T02:19:01Z,52.94,online_retail,US,False,False
txn_0000212,card_00666,2026-03-02T03:04:42Z,25.3,restaurant,DE,True,False
txn_0000213,card_00710,2026-02-22T08:31:34Z,63.44,grocery,AE,True,False
txn_0000214,card_00274,2026-02-21T17:54:15Z,74.42,restaurant,US,True,False
txn_0000215,card_00695,2026-03-02T02:18:50Z,18.17,online_retail,GB,True,False
txn_0000216,card_00329,2026-02-12T16:46:40Z,44.01,utilities,IN,True,False
txn_0000217,card_00105,2026-02-19T12:03:52Z,27.43,utilities,DE,False,False
txn_0000218,card_00266,2026-02-14T19:42:01Z,13.09,electronics,US,False,False
txn_0000219,card_00609,2026-02-16T13:43:10Z,513.28,restaurant,US,True,True
txn_0000220,card_00238,2026-02-02T18:13:54Z,170.24,electronics,DE,True,False
txn_0000221,card_00585,2026-02-19T19:51:25Z,127.02,travel,GB,False,False
txn_0000222,card_00213,2026-02-02T02:17:57Z,15.57,fuel,AE,False,False
txn_0000223,card_00513,2026-02-11T11:27:54Z,39.55,travel,AE,True,False
txn_0000224,card_00102,2026-02-27T09:32:29Z,81.45,grocery,SG,True,False
txn_0000225,card_00032,2026-02-11T09:54:15Z,217.61,travel,GB,True,False
txn_0000226,card_00096,2026-02-03T14:51:06Z,16.82,atm_withdrawal,AE,True,False
txn_0000227,card_00803,2026-02-19T06:59:20Z,32.46,online_retail,DE,True,False
txn_0000228,card_00439,2026-02-13T16:40:18Z,491.96,grocery,DE,False,True
txn_0000229,card_00029,2026-02-12T04:13:26Z,65.43,atm_withdrawal,AE,True,False
txn_0000230,card_00191,2026-02-20T06:50:09Z,211.72,entertainment,DE,False,False
txn_0000231,card_00294,2026-02-25T15:01:26Z,125.68,grocery,GB,True,False
txn_0000232,card_00194,2026-02-09T18:59:31Z,68.88,utilities,AE,True,False
txn_0000233,card_00184,2026-02-06T13:08:06Z,33.32,electronics,DE,False,False
txn_0000234,card_00080,2026-02-04T03:34:45Z,84.52,restaurant,SG,False,False
txn_0000235,card_00267,2026-02-12T12:20:57Z,82.9,entertainment,DE,True,False
txn_0000236,card_00294,2026-02-13T07:05:09Z,132.7,restaurant,DE,False,False
txn_0000237,card_00643,2026-02-03T20:32:27Z,576.06,online_retail,IN,True,False
txn_0000238,card_00721,2026-02-05T23:49:53Z,80.96,online_retail,AE,False,False
txn_0000239,card_00366,2026-02-23T02:36:58Z,188.5,electronics,SG,True,False
txn_0000240,card_00258,2026-02-06T00:01:16Z,17.0,atm_withdrawal,SG,True,False
txn_0000241,card_00082,2026-02-13T17:14:35Z,2.36,entertainment,SG,False,False
txn_0000242,card_00082,2026-02-11T20:16:48Z,19.55,restaurant,GB,True,False
txn_0000243,card_00803,2026-02-03T13:22:12Z,141.07,utilities,GB,True,False
txn_0000244,card_00192,2026-02-07T04:12:18Z,1261.68,online_retail,AE,False,False
txn_0000245,card_00076,2026-02-12T05:04:17Z,169.13,restaurant,IN,False,False
txn_0000246,card_00266,2026-02-06T00:30:50Z,7.09,travel,AE,True,False
txn_0000247,card_00147,2026-02-07T13:32:15Z,22.73,pharmacy,AE,True,False
txn_0000248,card_00866,2026-02-06T19:07:23Z,16.45,entertainment,IN,True,False
txn_0000249,card_00267,2026-02-20T23:31:03Z,31.21,restaurant,DE,True,False
txn_0000250,card_00721,2026-02-23T04:10:36Z,58.59,utilities,AE,True,False
txn_0000251,card_00457,2026-03-02T20:28:11Z,22.18,online_retail,AE,False,False
txn_0000252,card_00628,2026-02-09T00:45:02Z,355.74,atm_withdrawal,SG,False,False
txn_0000253,card_00641,2026-02-12T06:21:49Z,49.08,atm_withdrawal,SG,False,False
txn_0000254,card_00105,2026-02-17T21:11:51Z,121.6,entertainment,SG,True,False
txn_0000255,card_00028,2026-02-22T02:02:40Z,47.21,electronics,DE,True,False
txn_0000256,card_00524,2026-02-17T09:27:39Z,295.99,atm_withdrawal,AE,True,False
txn_0000257,card_00547,2026-02-27T19:23:29Z,51.87,utilities,AE,False,False
txn_0000258,card_00552,2026-02-08T17:19:11Z,75.15,pharmacy,GB,False,False
txn_0000259,card_00288,2026-02-28T18:13:28Z,42.27,utilities,GB,True,False
txn_0000260,card_00669,2026-02-11T09:14:44Z,13.42,pharmacy,GB,True,False
txn_0000261,card_00649,2026-02-27T23:52:08Z,15.17,entertainment,GB,False,False
txn_0000262,card_00566,2026-02-10T19:47:23Z,7.31,travel,IN,False,False
txn_0000263,card_00645,2026-02-11T14:09:12Z,27.45,entertainment,AE,False,False
txn_0000264,card_00501,2026-03-01T04:03:47Z,269.84,pharmacy,DE,False,False
txn_0000265,card_00370,2026-02-19T06:33:59Z,243.17,online_retail,GB,False,False
txn_0000266,card_00877,2026-02-26T03:23:50Z,228.39,utilities,ZZ,False,False
txn_0000267,card_00745,2026-02-23T13:30:38Z,75.29,restaurant,GB,True,False
txn_0000268,card_00172,2026-02-03T10:50:44Z,86.33,restaurant,IN,False,False
txn_0000269,card_00294,2026-02-27T23:19:03Z,3.26,online_retail,AE,False,False
txn_0000270,card_00783,2026-02-25T16:28:14Z,149.4,utilities,GB,True,False
txn_0000271,card_00773,2026-02-23T00:25:31Z,80.38,atm_withdrawal,SG,False,False
txn_0000272,card_00518,2026-02-16T12:43:18Z,49.03,utilities,US,False,False
txn_0000273,card_00276,2026-02-26T05:04:41Z,46.46,electronics,IN,False,False
txn_0000274,card_00663,2026-02-14T05:37:47Z,64.81,atm_withdrawal,DE,False,False
txn_0000276,card_00525,2026-02-12T20:25:10Z,395.44,fuel,DE,False,True
txn_0000277,card_00208,2026-02-19T04:45:19Z,165.88,utilities,US,False,False
txn_0000278,card_00115,2026-02-12T03:50:07Z,53.97,fuel,SG,True,False
txn_0000279,card_00589,2026-02-09T02:17:25Z,37.69,pharmacy,AE,False,False
txn_0000280,card_00599,2026-02-19T11:20:09Z,20.78,pharmacy,AE,True,False
txn_0000281,card_00183,2026-02-28T08:43:13Z,116.33,utilities,IN,False,False
txn_0000282,card_00900,2026-02-03T15:37:29Z,55.81,grocery,US,True,False
txn_0000283,card_00741,2026-02-17T05:29:16Z,71.1,entertainment,DE,False,False
txn_0000284,card_00100,2026-02-13T04:36:01Z,265.73,grocery,IN,True,False
txn_0000285,card_00013,2026-02-09T10:54:15Z,9.25,atm_withdrawal,IN,False,False
txn_0000286,card_00563,2026-02-25T18:51:09Z,70.86,grocery,IN,True,False
txn_0000287,card_00458,2026-02-05T20:27:33Z,174.07,travel,IN,True,False
txn_0000288,card_00804,2026-02-23T00:08:16Z,65.46,pharmacy,IN,True,False
txn_0000289,card_00192,2026-02-21T03:37:00Z,67.4,travel,DE,True,False
txn_0000290,card_00629,2026-02-23T01:23:49Z,599.34,utilities,GB,True,False
txn_0000291,card_00458,2026-02-20T09:15:36Z,83.02,utilities,AE,False,False
txn_0000292,card_00246,2026-02-07T07:55:43Z,14.3,utilities,SG,False,False
txn_0000293,card_00836,2026-02-23T16:49:28Z,75.0,travel,US,True,False
txn_0000294,card_00217,2026-02-26T19:33:11Z,125.62,grocery,SG,False,False
txn_0000295,card_00158,2026-02-02T20:29:49Z,131.55,online_retail,DE,False,False
txn_0000296,card_00266,2026-02-25T18:15:09Z,18.46,online_retail,IN,False,False
txn_0000297,card_00673,2026-02-18T12:49:26Z,96.6,restaurant,GB,False,False
txn_0000298,card_00174,2026-02-24T02:09:08Z,83.61,online_retail,DE,False,False
txn_0000299,card_00900,2026-02-12T05:52:17Z,75.8,restaurant,DE,False,False
txn_0000300,card_00249,2026-02-02T05:40:16Z,640.89,travel,AE,True,True
txn_0000301,card_00665,2026-02-09T16:18:51Z,84.93,utilities,IN,True,False
txn_0000302,card_00821,2026-02-05T05:30:53Z,86.1,electronics,SG,True,False
txn_0000303,card_00004,2026-02-23T02:21:07Z,174.95,electronics,IN,False,False
txn_0000304,card_00256,2026-02-26T09:23:04Z,62.67,restaurant,IN,False,False
txn_0000305,card_00668,2026-02-11T12:52:57Z,22.51,grocery,SG,False,False
txn_0000306,card_00154,2026-02-24T10:22:36Z,218.91,electronics,US,False,False
txn_0000307,card_00303,2026-02-10T05:47:05Z,540.68,restaurant,AE,False,False
txn_0000308,card_00848,2026-02-17T06:05:20Z,1468.05,restaurant,SG,False,False
txn_0000309,card_00324,2026-02-16T21:30:45Z,216.84,online_retail,US,False,False
txn_0000310,card_00067,2026-02-27T07:45:55Z,230.99,fuel,DE,False,False
txn_0000311,card_00155,2026-02-10T23:04:09Z,264.52,entertainment,GB,True,False
txn_0000312,card_00175,2026-02-22T14:53:03Z,20.12,restaurant,SG,False,False
txn_0000313,card_00758,2026-02-08T00:28:01Z,114.55,restaurant,GB,False,False
txn_0000314,card_00619,2026-02-03T20:00:47Z,65.64,travel,DE,False,False
txn_0000315,card_00379,2026-02-06T02:46:13Z,74.23,entertainment,SG,True,False
txn_0000316,card_00448,2026-02-23T17:08:45Z,52.91,fuel,US,True,False
txn_0000317,card_00680,2026-02-24T10:36:17Z,12.54,online_retail,IN,True,False
txn_0000318,card_00771,2026-02-01T03:14:12Z,115.13,online_retail,IN,True,False
txn_0000319,card_00707,2026-02-02T20:41:01Z,133.98,restaurant,US,True,False
txn_0000320,card_00625,2026-02-17T11:06:17Z,26.07,atm_withdrawal,GB,True,False
txn_0000321,card_00500,2026-02-02T03:54:13Z,214.11,entertainment,DE,True,False
txn_0000322,card_00629,2026-02-21T15:53:01Z,30.75,entertainment,IN,True,False
txn_0000323,card_00351,2026-02-28T03:06:24Z,588.2,travel,SG,False,False
txn_0000324,card_00380,2026-02-06T01:53:24Z,43.34,grocery,SG,False,False
txn_0000325,card_00883,2026-02-06T05:03:25Z,52.09,entertainment,US,True,False
txn_0000326,card_00012,2026-02-23T06:30:06Z,27.4,travel,US,False,False
txn_0000327,card_00195,2026-02-13T10:14:59Z,32.17,travel,DE,False,False
txn_0000328,card_00390,2026-02-23T07:26:08Z,91.95,online_retail,GB,False,False
txn_0000329,card_00297,2026-02-09T20:43:41Z,66.3,electronics,IN,True,False
txn_0000330,card_00805,2026-02-10T10:28:38Z,50.73,grocery,GB,False,False
txn_0000331,card_00055,2026-02-04T02:46:10Z,27.62,restaurant,IN,True,False
txn_0000332,card_00619,2026-02-03T13:47:12Z,43.66,travel,SG,False,False
txn_0000333,card_00123,2026-03-02T00:17:59Z,36.62,atm_withdrawal,AE,True,True
txn_0000334,card_00363,2026-02-27T19:08:49Z,63.25,utilities,GB,True,False
txn_0000335,card_00242,2026-02-18T22:52:37Z,113.85,fuel,AE,True,False
txn_0000336,card_00665,2026-02-28T20:05:01Z,34.54,grocery,GB,False,False
txn_0000337,card_00455,2026-03-01T09:40:08Z,173.25,fuel,SG,True,False
txn_0000338,card_00673,2026-02-27T05:22:36Z,44.21,entertainment,DE,True,False
txn_0000339,card_00509,2026-03-01T14:06:34Z,53.39,pharmacy,SG,True,False
txn_0000340,card_00006,2026-02-13T04:00:32Z,21.54,grocery,SG,True,False
txn_0000341,card_00253,2026-02-08T02:31:21Z,13.08,online_retail,AE,True,False
txn_0000342,card_00675,2026-02-25T01:05:34Z,8.84,grocery,GB,False,False
txn_0000343,card_00226,2026-02-25T14:16:46Z,53.78,entertainment,AE,False,False
txn_0000344,card_00802,2026-02-19T11:09:22Z,166.95,travel,GB,False,False
txn_0000345,card_00198,2026-02-19T14:14:12Z,21.65,entertainment,AE,False,False
txn_0000346,card_00414,2026-02-20T02:51:48Z,101.71,electronics,DE,True,True
txn_0000347,card_00743,2026-02-05T11:57:14Z,24.09,restaurant,US,True,False
txn_0000348,card_00124,2026-02-10T09:05:18Z,42.18,restaurant,AE,True,False
txn_0000349,card_00752,2026-02-24T00:02:15Z,74.62,electronics,GB,True,False
txn_0000350,card_00581,2026-02-01T21:04:32Z,806.97,atm_withdrawal,DE,True,False
txn_0000351,card_00108,2026-02-01T19:01:00Z,27.41,pharmacy,DE,False,False
txn_0000352,card_00281,2026-02-27T17:01:52Z,2619.69,travel,GB,False,True
txn_0000353,card_00746,2026-02-04T09:54:52Z,12.77,utilities,SG,False,False
txn_0000354,card_00594,2026-02-07T13:47:03Z,218.44,grocery,US,True,False
txn_0000355,card_00231,2026-02-21T22:46:01Z,17.7,restaurant,DE,True,False
txn_0000356,card_00794,2026-02-01T15:12:42Z,289.21,fuel,SG,False,False
txn_0000357,card_00242,2026-02-19T20:55:45Z,294.31,travel,SG,False,False
txn_0000358,card_00729,2026-02-19T14:40:33Z,95.61,grocery,AE,False,False
txn_0000359,card_00357,2026-02-28T00:16:46Z,20.01,travel,GB,False,False
txn_0000360,card_00192,2026-02-23T22:36:49Z,18.22,grocery,IN,False,False
txn_0000361,card_00307,2026-02-02T19:51:14Z,156.43,atm_withdrawal,IN,True,False
txn_0000362,card_00082,2026-02-14T12:30:20Z,40.09,restaurant,SG,False,False
txn_0000363,card_00689,2026-02-21T22:19:25Z,57.61,online_retail,US,False,False
txn_0000364,card_00469,2026-02-01T10:34:20Z,24.86,travel,DE,True,False
txn_0000365,card_00653,2026-02-01T13:28:25Z,70.09,electronics,GB,False,False
txn_0000366,card_00058,2026-02-08T22:28:10Z,29.36,electronics,DE,False,False
txn_0000367,card_00460,2026-02-22T02:36:49Z,45.89,online_retail,GB,True,False
txn_0000368,card_00208,2026-02-07T04:08:38Z,989.17,atm_withdrawal,GB,True,False
txn_0000369,card_00077,2026-02-10T17:14:38Z,41.79,grocery,GB,True,False
txn_0000371,card_00784,2026-02-04T13:38:41Z,36.4,entertainment,GB,False,False
txn_0000372,card_00149,2026-02-21T02:47:36Z,33.7,utilities,SG,True,False
txn_0000373,card_00548,2026-02-19T05:12:02Z,65.82,grocery,SG,True,False
txn_0000374,card_00379,2026-02-20T06:36:23Z,19.13,utilities,AE,True,False
txn_0000375,card_00881,2026-02-01T00:45:45Z,85.13,travel,SG,True,False
txn_0000376,card_00269,2026-03-02T11:28:01Z,116.03,utilities,US,True,False
txn_0000377,card_00428,2026-02-16T09:42:09Z,263.32,online_retail,SG,False,False
txn_0000378,card_00143,2026-02-01T11:17:49Z,323.2,travel,DE,False,False
txn_0000379,card_00085,2026-02-27T15:02:13Z,191.48,online_retail,GB,False,False
txn_0000380,card_00615,2026-03-02T19:48:08Z,261.71,restaurant,SG,False,False
txn_0000381,card_00493,2026-02-01T23:00:17Z,359.18,utilities,SG,True,False
txn_0000382,card_00421,2026-02-20T22:49:02Z,38.63,electronics,AE,False,False
txn_0000383,card_00900,2026-02-27T09:02:07Z,85.48,utilities,DE,False,False
txn_0000384,card_00668,2026-02-06T17:38:26Z,177.81,travel,US,True,False
txn_0000385,card_00602,2026-02-28T16:43:31Z,72.01,grocery,SG,True,False
txn_0000386,card_00398,2026-02-07T05:51:32Z,114.06,atm_withdrawal,GB,True,False
txn_0000387,card_00177,2026-02-16T14:12:36Z,64.21,entertainment,IN,False,False
txn_0000389,card_00183,2026-02-06T03:51:37Z,81.58,electronics,US,True,False
txn_0000390,card_00702,2026-03-01T18:18:25Z,352.85,entertainment,SG,False,False
txn_0000391,card_00609,2026-02-17T18:44:48Z,530.55,travel,SG,True,False
txn_0000392,card_00812,2026-02-26T22:06:53Z,33.47,pharmacy,DE,True,False
txn_0000393,card_00497,2026-02-05T06:44:26Z,107.77,atm_withdrawal,AE,True,False
txn_0000394,card_00212,2026-02-23T15:00:12Z,64.65,atm_withdrawal,US,False,False
txn_0000395,card_00202,2026-02-04T06:50:57Z,35.61,pharmacy,DE,True,False
txn_0000396,card_00658,2026-02-07T16:07:54Z,98.96,entertainment,US,True,False
txn_0000397,card_00355,2026-02-14T12:14:24Z,741.17,utilities,IN,True,False
txn_0000398,card_00189,2026-02-11T02:51:32Z,50.76,electronics,GB,True,False
txn_0000399,card_00364,2026-02-21T19:12:57Z,176.81,online_retail,IN,True,False
txn_0000400,card_00861,2026-02-24T09:07:57Z,49.17,travel,US,True,False
txn_0000401,card_00258,2026-02-18T11:45:13Z,149.55,restaurant,AE,False,False
txn_0000402,card_00678,2026-03-01T14:54:37Z,58.92,travel,DE,False,False
txn_0000403,card_00073,2026-02-22T03:35:54Z,25.89,atm_withdrawal,SG,True,False
txn_0000404,card_00745,2026-02-26T01:01:38Z,141.89,utilities,US,False,False
txn_0000405,card_00504,2026-02-21T07:55:23Z,76.86,online_retail,DE,True,False
txn_0000406,card_00316,2026-02-25T20:57:51Z,88.31,pharmacy,DE,False,False
txn_0000407,card_00364,2026-02-19T14:28:54Z,275.51,restaurant,IN,False,False
txn_0000408,card_00853,2026-02-10T12:34:08Z,24.11,entertainment,DE,True,False
txn_0000409,card_00775,2026-03-02T15:56:04Z,486.43,entertainment,GB,False,False
txn_0000410,card_00660,2026-02-13T04:53:57Z,37.22,travel,GB,True,False
txn_0000411,card_00831,2026-02-04T22:38:32Z,127.79,pharmacy,SG,True,False
txn_0000412,card_00558,2026-02-14T01:20:40Z,1038.11,utilities,US,False,True
txn_0000413,card_00774,2026-02-15T09:08:08Z,300.25,electronics,DE,True,False
txn_0000414,card_00467,2026-02-24T09:31:37Z,938.27,restaurant,DE,False,False
txn_0000415,card_00777,2026-02-05T22:06:40Z,522.18,pharmacy,SG,True,False
txn_0000416,card_00585,2026-02-14T23:52:29Z,167.54,utilities,AE,True,False
txn_0000417,card_00536,2026-02-25T00:47:45Z,189.95,utilities,AE,True,False
txn_0000418,card_00375,2026-03-02T16:11:34Z,87.85,entertainment,US,True,False
txn_0000419,card_00659,2026-02-12T09:44:10Z,79.7,utilities,AE,True,False
txn_0000420,card_00660,2026-02-16T15:49:49Z,23.2,utilities,AE,True,False
txn_0000421,card_00509,2026-02-08T17:02:44Z,24.21,entertainment,SG,True,False
txn_0000422,card_00690,2026-02-13T01:35:08Z,46.64,grocery,AE,True,False
txn_0000423,card_00428,2026-02-21T06:28:14Z,93.57,travel,SG,False,False
txn_0000424,card_00465,2026-02-08T14:33:37Z,913.18,pharmacy,AE,True,False
txn_0000425,card_00237,2026-03-01T09:09:28Z,16.67,utilities,GB,False,False
txn_0000426,card_00133,2026-02-03T11:02:46Z,14.75,utilities,DE,True,False
txn_0000427,card_00299,2026-02-20T10:43:35Z,5.3,electronics,DE,False,False
txn_0000428,card_00461,2026-02-09T20:49:31Z,56.78,fuel,IN,False,False
txn_0000429,card_00190,2026-02-10T01:22:08Z,34.42,electronics,US,True,False
txn_0000430,card_00345,2026-02-15T05:09:07Z,256.16,utilities,GB,True,False
txn_0000431,card_00376,2026-02-05T15:51:05Z,347.29,utilities,IN,True,False
txn_0000432,card_00807,2026-02-28T23:46:43Z,77.37,fuel,AE,True,False
txn_0000433,card_00292,2026-02-18T02:14:41Z,3.88,travel,GB,True,False
txn_0000434,card_00817,2026-02-08T15:36:16Z,80.88,utilities,SG,True,False
txn_0000435,card_00753,2026-02-04T08:40:16Z,353.76,travel,GB,True,False
txn_0000436,card_00006,2026-02-24T18:54:47Z,43.68,fuel,US,False,False
txn_0000437,card_00307,2026-03-02T04:42:14Z,114.78,restaurant,SG,True,False
txn_0000438,card_00601,2026-02-11T17:02:50Z,190.48,atm_withdrawal,US,False,False
txn_0000439,card_00882,2026-02-18T05:18:34Z,65.93,grocery,AE,False,False
txn_0000440,card_00305,2026-02-07T00:36:23Z,181.83,utilities,DE,True,False
txn_0000441,card_00715,2026-02-17T21:58:53Z,24.57,utilities,GB,True,False
txn_0000442,card_00378,2026-02-06T14:26:11Z,73.68,restaurant,US,True,False
txn_0000443,card_00247,2026-02-26T05:46:01Z,54.77,online_retail,GB,False,False
txn_0000444,card_00280,2026-02-11T20:16:15Z,37.75,entertainment,AE,False,False
txn_0000445,card_00233,2026-02-23T23:57:12Z,16.17,electronics,SG,True,False
txn_0000446,card_00360,2026-02-26T23:06:19Z,93.22,restaurant,GB,True,False
txn_0000447,card_00638,2026-02-11T11:43:21Z,382.98,pharmacy,SG,True,False
txn_0000448,card_00022,2026-02-12T02:58:07Z,5.97,online_retail,SG,True,False
txn_0000449,card_00352,2026-02-24T16:33:17Z,225.79,fuel,AE,True,False
txn_0000450,card_00474,2026-02-28T14:57:14Z,37.12,restaurant,DE,False,False
txn_0000451,card_00162,2026-02-01T21:36:31Z,18.99,entertainment,US,False,False
txn_0000452,card_00828,2026-02-28T15:08:31Z,160.87,atm_withdrawal,AE,True,False
txn_0000453,card_00449,2026-02-14T09:21:28Z,16.5,online_retail,US,False,False
txn_0000454,card_00047,2026-02-17T15:22:35Z,39.27,pharmacy,DE,True,False
txn_0000455,card_00890,2026-02-04T08:32:02Z,224.39,fuel,GB,True,False
txn_0000456,card_00898,2026-02-26T01:44:39Z,62.27,fuel,AE,True,False
txn_0000457,card_00718,2026-02-20T10:31:38Z,112.47,electronics,US,True,False
txn_0000458,card_00665,2026-02-09T13:10:41Z,137.28,online_retail,IN,False,False
txn_0000459,card_00797,2026-02-24T08:56:11Z,345.88,entertainment,IN,True,False
txn_0000460,card_00506,2026-02-18T22:37:54Z,29.86,utilities,US,False,False
txn_0000461,card_00432,2026-02-10T17:27:52Z,113.81,grocery,IN,True,False
txn_0000462,card_00042,2026-02-05T02:25:46Z,127.89,utilities,GB,False,False
txn_0000463,card_00842,2026-02-25T02:46:10Z,7.34,restaurant,IN,False,False
txn_0000464,card_00321,2026-03-02T02:01:53Z,114.32,entertainment,IN,True,False
txn_0000465,card_00158,2026-02-19T21:21:02Z,7.98,atm_withdrawal,DE,True,False
txn_0000466,card_00007,2026-02-28T09:26:39Z,128.48,grocery,US,True,False
txn_0000467,card_00613,2026-02-13T19:34:00Z,192.82,entertainment,GB,False,False
txn_0000468,card_00616,2026-03-01T18:32:23Z,186.98,grocery,IN,False,False
txn_0000469,card_00598,2026-02-13T11:21:07Z,99.46,restaurant,DE,True,False
txn_0000470,card_00145,2026-02-27T03:45:25Z,199.32,grocery,DE,True,False
txn_0000471,card_00044,2026-02-10T01:15:06Z,72.33,restaurant,AE,True,False
txn_0000472,card_00625,2026-02-02T18:45:46Z,100.92,fuel,DE,True,False
txn_0000473,card_00328,2026-02-25T14:53:48Z,133.64,fuel,IN,False,False
txn_0000474,card_00230,2026-02-28T16:53:53Z,93.51,restaurant,DE,True,False
txn_0000475,card_00254,2026-02-13T10:40:22Z,50.31,entertainment,GB,True,False
txn_0000476,card_00771,2026-03-01T20:46:55Z,348.02,grocery,DE,True,True
txn_0000477,card_00150,2026-02-01T02:04:11Z,254.0,grocery,AE,False,False
txn_0000478,card_00635,2026-02-19T22:44:16Z,3.33,atm_withdrawal,DE,False,False
txn_0000479,card_00374,2026-02-04T13:38:35Z,43.55,grocery,IN,True,False
txn_0000480,card_00710,2026-03-01T18:28:14Z,153.8,fuel,GB,False,False
txn_0000481,card_00601,2026-02-25T17:36:10Z,48.59,travel,GB,True,False
txn_0000482,card_00146,2026-02-21T12:42:00Z,16.96,restaurant,AE,True,False
txn_0000483,card_00488,2026-02-08T17:25:16Z,30.12,atm_withdrawal,DE,True,False
txn_0000484,card_00785,2026-02-09T11:42:13Z,35.8,online_retail,SG,True,False
txn_0000485,card_00002,2026-02-24T21:12:31Z,26.77,fuel,AE,True,False
txn_0000486,card_00209,2026-02-14T21:02:31Z,48.96,travel,AE,True,False
txn_0000487,card_00711,2026-02-18T17:04:58Z,127.68,pharmacy,DE,True,False
txn_0000488,card_00649,2026-02-01T05:01:56Z,29.22,travel,SG,True,False
txn_0000489,card_00845,2026-02-28T19:07:00Z,59.79,electronics,AE,False,False
txn_0000490,card_00148,2026-02-10T07:20:26Z,7.63,utilities,IN,False,False
txn_0000491,card_00020,2026-02-19T16:15:27Z,496.75,restaurant,GB,False,False
txn_0000492,card_00499,2026-02-17T08:11:58Z,31.97,grocery,IN,True,False
txn_0000493,card_00265,2026-02-20T06:22:19Z,14.09,entertainment,AE,True,False
txn_0000494,card_00840,2026-02-16T01:13:28Z,317.03,travel,DE,False,False
txn_0000495,card_00231,2026-02-12T09:41:14Z,78.44,online_retail,IN,True,False
txn_0000496,card_00094,2026-02-13T21:01:43Z,35.09,restaurant,GB,True,False
txn_0000497,card_00503,2026-02-18T19:43:44Z,6.49,pharmacy,IN,True,False
txn_0000498,card_00587,2026-02-21T15:24:23Z,105.24,pharmacy,DE,True,False
txn_0000499,card_00498,2026-02-03T16:10:37Z,383.84,entertainment,GB,True,False
txn_0000500,card_00766,2026-02-12T02:43:45Z,47.04,grocery,AE,False,False
txn_0000501,card_00867,2026-03-01T01:33:12Z,67.42,grocery,US,False,False
txn_0000502,card_00637,2026-02-03T15:13:06Z,23.15,online_retail,DE,True,False
txn_0000503,card_00716,2026-02-08T13:44:44Z,231.01,grocery,GB,False,False
txn_0000504,card_00495,2026-02-15T07:40:44Z,103.71,atm_withdrawal,DE,False,False
txn_0000505,card_00140,2026-02-17T01:58:11Z,24.26,utilities,IN,False,False
txn_0000506,card_00561,2026-02-10T03:37:45Z,42.37,atm_withdrawal,SG,False,False
txn_0000507,card_00323,2026-02-06T12:39:20Z,50.22,pharmacy,DE,False,False
txn_0000508,card_00679,2026-02-11T17:37:21Z,94.62,atm_withdrawal,AE,True,False
txn_0000509,card_00164,2026-02-08T01:16:21Z,255.12,online_retail,AE,False,False
txn_0000510,card_00824,2026-02-28T21:29:35Z,16.33,atm_withdrawal,IN,True,False
txn_0000511,card_00141,2026-02-15T06:13:27Z,148.87,grocery,IN,False,False
txn_0000512,card_00632,2026-03-02T19:35:40Z,6153.59,travel,US,True,False
txn_0000513,card_00049,2026-02-17T17:44:12Z,353.23,pharmacy,GB,True,False
txn_0000514,card_00816,2026-02-14T22:05:17Z,75.81,travel,SG,True,False
txn_0000515,card_00337,2026-02-16T12:05:15Z,111.82,utilities,GB,True,False
txn_0000516,card_00061,2026-03-01T11:40:16Z,57.56,electronics,IN,False,False
txn_0000517,card_00868,2026-02-14T01:29:11Z,56.06,pharmacy,GB,True,False
txn_0000518,card_00577,2026-02-17T07:33:34Z,193.6,restaurant,AE,True,False
txn_0000519,card_00792,2026-02-28T07:24:37Z,97.52,fuel,GB,True,False
txn_0000520,card_00160,2026-02-26T15:48:13Z,36.54,travel,AE,False,False
txn_0000521,card_00867,2026-02-18T22:25:44Z,120.71,utilities,GB,True,False
txn_0000522,card_00140,2026-02-04T20:32:40Z,49.43,electronics,SG,False,False
txn_0000523,card_00534,2026-02-09T18:09:08Z,45.06,grocery,AE,False,False
txn_0000524,card_00758,2026-02-20T00:12:13Z,62.08,fuel,SG,False,False
txn_0000525,card_00269,2026-02-19T10:59:34Z,62.9,travel,SG,False,False
txn_0000526,card_00020,2026-02-24T16:42:30Z,243.54,fuel,SG,False,False
txn_0000527,card_00584,2026-02-25T03:29:52Z,94.65,fuel,SG,True,False
txn_0000528,card_00208,2026-02-09T04:47:02Z,6.59,entertainment,SG,False,False
txn_0000529,card_00684,2026-02-24T00:51:26Z,100.48,entertainment,IN,True,False
txn_0000530,card_00184,2026-02-22T13:51:14Z,43.63,entertainment,DE,False,False
txn_0000531,card_00325,2026-02-26T18:26:40Z,5.69,entertainment,DE,False,False
txn_0000532,card_00547,2026-02-08T06:52:29Z,69.64,online_retail,GB,True,False
txn_0000533,card_00548,2026-02-02T02:45:24Z,16.99,online_retail,US,False,False
txn_0000535,card_00891,2026-02-26T19:06:14Z,4.01,electronics,IN,False,False
txn_0000536,card_00575,2026-02-08T05:09:27Z,72.86,travel,AE,True,False
txn_0000537,card_00527,2026-02-01T00:41:44Z,358.5,utilities,GB,False,False
txn_0000538,card_00685,2026-02-11T04:18:36Z,67.26,fuel,AE,False,False
txn_0000539,card_00657,2026-02-03T00:51:47Z,223.57,utilities,DE,True,False
txn_0000540,card_00135,2026-02-16T13:23:33Z,34.71,online_retail,DE,False,False
txn_0000541,card_00858,2026-02-05T08:14:08Z,29.26,atm_withdrawal,DE,False,False
txn_0000542,card_00318,2026-02-19T15:46:25Z,20.24,restaurant,US,True,False
txn_0000543,card_00241,2026-02-19T10:58:06Z,8.96,grocery,GB,False,False
txn_0000544,card_00492,2026-02-02T17:35:31Z,212.52,travel,AE,False,False
txn_0000545,card_00572,2026-02-16T04:59:37Z,48.44,travel,DE,False,False
txn_0000546,card_00400,2026-02-07T01:57:43Z,56.86,online_retail,IN,True,False
txn_0000547,card_00538,2026-02-02T12:10:28Z,60.61,travel,GB,True,False
txn_0000548,card_00845,2026-02-10T09:36:35Z,277.05,pharmacy,IN,True,False
txn_0000549,card_00532,2026-02-22T14:48:46Z,42.93,restaurant,US,True,False
txn_0000550,card_00041,2026-02-13T01:22:44Z,63.58,atm_withdrawal,GB,True,False
txn_0000551,card_00527,2026-02-23T12:29:02Z,1306.28,entertainment,US,False,False
txn_0000552,card_00379,2026-03-01T07:24:19Z,3.78,online_retail,IN,False,False
txn_0000553,card_00454,2026-03-01T14:34:26Z,451.92,grocery,GB,False,False
txn_0000554,card_00174,2026-02-28T00:56:25Z,275.48,grocery,SG,True,False
txn_0000555,card_00363,2026-02-09T15:30:15Z,9.86,fuel,AE,False,False
txn_0000556,card_00850,2026-02-17T05:58:31Z,38.66,atm_withdrawal,GB,False,False
txn_0000557,card_00899,2026-02-08T08:44:39Z,272.57,online_retail,US,True,False
txn_0000558,card_00234,2026-02-17T04:14:11Z,19.43,entertainment,IN,True,False
txn_0000559,card_00387,2026-02-18T13:04:42Z,103.21,utilities,GB,True,False
txn_0000560,card_00677,2026-02-08T10:56:17Z,62.9,electronics,SG,False,False
txn_0000561,card_00406,2026-02-19T18:55:58Z,82.23,electronics,IN,False,False
txn_0000562,card_00472,2026-02-25T01:27:37Z,39.87,restaurant,IN,False,False
txn_0000563,card_00257,2026-02-05T21:18:40Z,52.46,grocery,IN,True,False
txn_0000564,card_00508,2026-02-03T01:56:06Z,103.08,atm_withdrawal,US,False,False
txn_0000565,card_00141,2026-02-26T08:15:10Z,98.79,pharmacy,AE,False,False
txn_0000566,card_00541,2026-02-03T18:29:55Z,88.75,utilities,SG,False,False
txn_0000567,card_00771,2026-02-17T12:50:23Z,925.13,atm_withdrawal,IN,True,False
txn_0000568,card_00044,2026-02-09T10:52:11Z,109.46,grocery,AE,True,False
txn_0000569,card_00667,2026-02-11T11:30:46Z,38.35,pharmacy,AE,False,False
txn_0000570,card_00338,2026-02-05T07:29:27Z,43.9,electronics,DE,True,False
txn_0000571,card_00611,2026-02-08T06:23:57Z,100.62,atm_withdrawal,SG,True,False
txn_0000572,card_00470,2026-02-06T18:03:23Z,84.73,entertainment,IN,False,False
txn_0000573,card_00890,2026-02-27T13:04:48Z,56.65,pharmacy,DE,False,False
txn_0000574,card_00702,2026-02-12T05:15:42Z,306.79,electronics,AE,True,False
txn_0000575,card_00741,2026-02-21T11:51:25Z,61.6,electronics,US,False,False
txn_0000576,card_00458,2026-02-02T08:46:15Z,317.77,grocery,US,False,False
txn_0000577,card_00475,2026-02-13T18:39:40Z,35.74,online_retail,GB,True,False
txn_0000578,card_00749,2026-02-02T23:07:19Z,76.52,electronics,AE,True,False
txn_0000579,card_00107,2026-02-15T05:26:26Z,82.27,atm_withdrawal,US,True,False
txn_0000580,card_00096,2026-02-23T19:06:23Z,32.54,atm_withdrawal,US,False,False
txn_0000581,card_00213,2026-02-22T19:24:22Z,312.87,online_retail,SG,False,True
txn_0000582,card_00641,2026-02-04T17:19:54Z,248.75,fuel,AE,True,False
txn_0000583,card_00012,2026-02-19T07:50:19Z,21.81,grocery,AE,True,False
txn_0000584,card_00595,2026-02-18T20:30:02Z,17.42,fuel,IN,False,False
txn_0000585,card_00133,2026-02-20T04:14:05Z,85.06,travel,IN,False,False
txn_0000586,card_00735,2026-02-16T06:59:25Z,69.78,pharmacy,US,True,False
txn_0000587,card_00752,2026-02-25T20:56:03Z,293.58,fuel,GB,True,False
txn_0000588,card_00206,2026-02-03T10:25:35Z,657.15,pharmacy,GB,True,True
txn_0000589,card_00178,2026-02-13T18:28:17Z,65.09,fuel,US,False,False
txn_0000590,card_00737,2026-02-16T23:24:54Z,50.93,utilities,US,True,False
txn_0000591,card_00328,2026-02-15T16:44:59Z,41.41,utilities,SG,False,False
txn_0000592,card_00673,2026-02-19T01:06:44Z,33.82,travel,DE,True,False
txn_0000593,card_00327,2026-02-06T15:54:41Z,1154.68,entertainment,US,True,False
txn_0000594,card_00497,2026-02-01T02:40:31Z,29.41,atm_withdrawal,IN,False,False
txn_0000595,card_00535,2026-02-22T10:09:15Z,108.64,grocery,GB,True,False
txn_0000596,card_00818,2026-02-01T11:57:31Z,9.13,travel,SG,True,False
txn_0000597,card_00369,2026-02-09T21:04:56Z,20.11,atm_withdrawal,DE,False,False
txn_0000598,card_00426,2026-02-11T22:46:05Z,63.41,restaurant,DE,False,False
txn_0000599,card_00550,2026-02-22T15:51:25Z,84.0,entertainment,US,True,False
